-- MySQL dump 10.13  Distrib 5.7.24, for Linux (x86_64)
--
-- Host: localhost    Database: my_oauth2_db
-- ------------------------------------------------------
-- Server version	5.7.24-0ubuntu0.18.04.1

/*!40101 SET @OLD_CHARACTER_SET_CLIENT=@@CHARACTER_SET_CLIENT */;
/*!40101 SET @OLD_CHARACTER_SET_RESULTS=@@CHARACTER_SET_RESULTS */;
/*!40101 SET @OLD_COLLATION_CONNECTION=@@COLLATION_CONNECTION */;
/*!40101 SET NAMES utf8 */;
/*!40103 SET @OLD_TIME_ZONE=@@TIME_ZONE */;
/*!40103 SET TIME_ZONE='+00:00' */;
/*!40014 SET @OLD_UNIQUE_CHECKS=@@UNIQUE_CHECKS, UNIQUE_CHECKS=0 */;
/*!40014 SET @OLD_FOREIGN_KEY_CHECKS=@@FOREIGN_KEY_CHECKS, FOREIGN_KEY_CHECKS=0 */;
/*!40101 SET @OLD_SQL_MODE=@@SQL_MODE, SQL_MODE='NO_AUTO_VALUE_ON_ZERO' */;
/*!40111 SET @OLD_SQL_NOTES=@@SQL_NOTES, SQL_NOTES=0 */;

--
-- Table structure for table `oauth_access_tokens`
--

DROP TABLE IF EXISTS `oauth_access_tokens`;
/*!40101 SET @saved_cs_client     = @@character_set_client */;
/*!40101 SET character_set_client = utf8 */;
CREATE TABLE `oauth_access_tokens` (
  `access_token` varchar(40) NOT NULL,
  `client_id` varchar(80) NOT NULL,
  `user_id` varchar(80) DEFAULT NULL,
  `expires` timestamp NOT NULL DEFAULT CURRENT_TIMESTAMP ON UPDATE CURRENT_TIMESTAMP,
  `scope` varchar(4000) DEFAULT NULL,
  PRIMARY KEY (`access_token`)
) ENGINE=InnoDB DEFAULT CHARSET=latin1;
/*!40101 SET character_set_client = @saved_cs_client */;

--
-- Dumping data for table `oauth_access_tokens`
--

LOCK TABLES `oauth_access_tokens` WRITE;
/*!40000 ALTER TABLE `oauth_access_tokens` DISABLE KEYS */;
INSERT INTO `oauth_access_tokens` VALUES ('d0f398fb00a7d747fdcf688ca8268d8368fa736f','gorankh88@gmail.com','gorankh88@gmail.com','2018-11-19 03:57:55','employee');
/*!40000 ALTER TABLE `oauth_access_tokens` ENABLE KEYS */;
UNLOCK TABLES;

--
-- Table structure for table `oauth_authorization_codes`
--

DROP TABLE IF EXISTS `oauth_authorization_codes`;
/*!40101 SET @saved_cs_client     = @@character_set_client */;
/*!40101 SET character_set_client = utf8 */;
CREATE TABLE `oauth_authorization_codes` (
  `authorization_code` varchar(40) NOT NULL,
  `client_id` varchar(80) NOT NULL,
  `user_id` varchar(80) DEFAULT NULL,
  `redirect_uri` varchar(2000) DEFAULT NULL,
  `expires` timestamp NOT NULL DEFAULT CURRENT_TIMESTAMP ON UPDATE CURRENT_TIMESTAMP,
  `scope` varchar(4000) DEFAULT NULL,
  `id_token` varchar(1000) DEFAULT NULL,
  PRIMARY KEY (`authorization_code`)
) ENGINE=InnoDB DEFAULT CHARSET=latin1;
/*!40101 SET character_set_client = @saved_cs_client */;

--
-- Dumping data for table `oauth_authorization_codes`
--

LOCK TABLES `oauth_authorization_codes` WRITE;
/*!40000 ALTER TABLE `oauth_authorization_codes` DISABLE KEYS */;
INSERT INTO `oauth_authorization_codes` VALUES ('fdd13cf72b0bc2750ee4d96cc109a853fe22c282','gorankh88@gmail.com','gorankh88@gmail.com',NULL,'2018-11-19 02:58:25','employee',NULL);
/*!40000 ALTER TABLE `oauth_authorization_codes` ENABLE KEYS */;
UNLOCK TABLES;

--
-- Table structure for table `oauth_clients`
--

DROP TABLE IF EXISTS `oauth_clients`;
/*!40101 SET @saved_cs_client     = @@character_set_client */;
/*!40101 SET character_set_client = utf8 */;
CREATE TABLE `oauth_clients` (
  `client_id` varchar(80) NOT NULL,
  `client_secret` varchar(80) DEFAULT NULL,
  `redirect_uri` varchar(2000) DEFAULT NULL,
  `grant_types` varchar(80) DEFAULT NULL,
  `scope` varchar(4000) DEFAULT NULL,
  `user_id` varchar(80) DEFAULT NULL,
  PRIMARY KEY (`client_id`)
) ENGINE=InnoDB DEFAULT CHARSET=latin1;
/*!40101 SET character_set_client = @saved_cs_client */;

--
-- Dumping data for table `oauth_clients`
--

LOCK TABLES `oauth_clients` WRITE;
/*!40000 ALTER TABLE `oauth_clients` DISABLE KEYS */;
INSERT INTO `oauth_clients` VALUES ('goran@domain.com','pass123','manager_page',NULL,'manager','goran@domain.com'),('gorankh88@gmail.com','pass123','employee_page',NULL,'employee','gorankh88@gmail.com'),('john@domain.com','pass123','employee_page',NULL,'employee','john@domain.com'),('openid','pass123',NULL,NULL,'openid',NULL);
/*!40000 ALTER TABLE `oauth_clients` ENABLE KEYS */;
UNLOCK TABLES;

--
-- Table structure for table `oauth_jwt`
--

DROP TABLE IF EXISTS `oauth_jwt`;
/*!40101 SET @saved_cs_client     = @@character_set_client */;
/*!40101 SET character_set_client = utf8 */;
CREATE TABLE `oauth_jwt` (
  `client_id` varchar(80) NOT NULL,
  `subject` varchar(80) DEFAULT NULL,
  `public_key` varchar(2000) NOT NULL
) ENGINE=InnoDB DEFAULT CHARSET=latin1;
/*!40101 SET character_set_client = @saved_cs_client */;

--
-- Dumping data for table `oauth_jwt`
--

LOCK TABLES `oauth_jwt` WRITE;
/*!40000 ALTER TABLE `oauth_jwt` DISABLE KEYS */;
/*!40000 ALTER TABLE `oauth_jwt` ENABLE KEYS */;
UNLOCK TABLES;

--
-- Table structure for table `oauth_public_keys`
--

DROP TABLE IF EXISTS `oauth_public_keys`;
/*!40101 SET @saved_cs_client     = @@character_set_client */;
/*!40101 SET character_set_client = utf8 */;
CREATE TABLE `oauth_public_keys` (
  `client_id` varchar(80) DEFAULT NULL,
  `public_key` varchar(2000) DEFAULT NULL,
  `private_key` varchar(2000) DEFAULT NULL,
  `encryption_algorithm` varchar(100) DEFAULT 'RS256'
) ENGINE=InnoDB DEFAULT CHARSET=latin1;
/*!40101 SET character_set_client = @saved_cs_client */;

--
-- Dumping data for table `oauth_public_keys`
--

LOCK TABLES `oauth_public_keys` WRITE;
/*!40000 ALTER TABLE `oauth_public_keys` DISABLE KEYS */;
/*!40000 ALTER TABLE `oauth_public_keys` ENABLE KEYS */;
UNLOCK TABLES;

--
-- Table structure for table `oauth_refresh_tokens`
--

DROP TABLE IF EXISTS `oauth_refresh_tokens`;
/*!40101 SET @saved_cs_client     = @@character_set_client */;
/*!40101 SET character_set_client = utf8 */;
CREATE TABLE `oauth_refresh_tokens` (
  `refresh_token` varchar(40) NOT NULL,
  `client_id` varchar(80) NOT NULL,
  `user_id` varchar(80) DEFAULT NULL,
  `expires` timestamp NOT NULL DEFAULT CURRENT_TIMESTAMP ON UPDATE CURRENT_TIMESTAMP,
  `scope` varchar(4000) DEFAULT NULL,
  PRIMARY KEY (`refresh_token`)
) ENGINE=InnoDB DEFAULT CHARSET=latin1;
/*!40101 SET character_set_client = @saved_cs_client */;

--
-- Dumping data for table `oauth_refresh_tokens`
--

LOCK TABLES `oauth_refresh_tokens` WRITE;
/*!40000 ALTER TABLE `oauth_refresh_tokens` DISABLE KEYS */;
/*!40000 ALTER TABLE `oauth_refresh_tokens` ENABLE KEYS */;
UNLOCK TABLES;

--
-- Table structure for table `oauth_scopes`
--

DROP TABLE IF EXISTS `oauth_scopes`;
/*!40101 SET @saved_cs_client     = @@character_set_client */;
/*!40101 SET character_set_client = utf8 */;
CREATE TABLE `oauth_scopes` (
  `scope` varchar(80) NOT NULL,
  `is_default` tinyint(1) DEFAULT NULL,
  PRIMARY KEY (`scope`)
) ENGINE=InnoDB DEFAULT CHARSET=latin1;
/*!40101 SET character_set_client = @saved_cs_client */;

--
-- Dumping data for table `oauth_scopes`
--

LOCK TABLES `oauth_scopes` WRITE;
/*!40000 ALTER TABLE `oauth_scopes` DISABLE KEYS */;
INSERT INTO `oauth_scopes` VALUES ('employee',1),('manager',0);
/*!40000 ALTER TABLE `oauth_scopes` ENABLE KEYS */;
UNLOCK TABLES;

--
-- Table structure for table `oauth_users`
--

DROP TABLE IF EXISTS `oauth_users`;
/*!40101 SET @saved_cs_client     = @@character_set_client */;
/*!40101 SET character_set_client = utf8 */;
CREATE TABLE `oauth_users` (
  `username` varchar(80) NOT NULL,
  `password` varchar(80) DEFAULT NULL,
  `first_name` varchar(80) DEFAULT NULL,
  `last_name` varchar(80) DEFAULT NULL,
  `email` varchar(80) DEFAULT NULL,
  `email_verified` tinyint(1) DEFAULT NULL,
  `scope` varchar(4000) DEFAULT NULL,
  PRIMARY KEY (`username`)
) ENGINE=InnoDB DEFAULT CHARSET=latin1;
/*!40101 SET character_set_client = @saved_cs_client */;

--
-- Dumping data for table `oauth_users`
--

LOCK TABLES `oauth_users` WRITE;
/*!40000 ALTER TABLE `oauth_users` DISABLE KEYS */;
INSERT INTO `oauth_users` VALUES ('goran@domain.com','pass123','goran','fai','goran@domain.com',1,'manager'),('gorankh88@gmail.com','pass123','goran','fai','gorankh88@gmail.com',1,'employee'),('john@domain.com','pass123','john','lee','john@domain.com',1,'employee');
/*!40000 ALTER TABLE `oauth_users` ENABLE KEYS */;
UNLOCK TABLES;
/*!40103 SET TIME_ZONE=@OLD_TIME_ZONE */;

/*!40101 SET SQL_MODE=@OLD_SQL_MODE */;
/*!40014 SET FOREIGN_KEY_CHECKS=@OLD_FOREIGN_KEY_CHECKS */;
/*!40014 SET UNIQUE_CHECKS=@OLD_UNIQUE_CHECKS */;
/*!40101 SET CHARACTER_SET_CLIENT=@OLD_CHARACTER_SET_CLIENT */;
/*!40101 SET CHARACTER_SET_RESULTS=@OLD_CHARACTER_SET_RESULTS */;
/*!40101 SET COLLATION_CONNECTION=@OLD_COLLATION_CONNECTION */;
/*!40111 SET SQL_NOTES=@OLD_SQL_NOTES */;

-- Dump completed on 2018-11-19  4:10:55
